Workbook

Sheet 표지
B6: 내부솔루션(VIOLA) 4.0
E25: 기능 테스트 케이스
F26: 작성일 : 26.09.01

Sheet 문서버전
B2: 변경이력관리
B3: 변경일 | C3: 버전명 | D3: 변경내역 | E3: 변경 인원 | F3: 비고

Sheet Summary
B2: ▶︎ 요약
B3: 프로젝트명 | C3: 내부솔루션 VIOLA V4.0 검증
B4: 검증 환경
B5: 검증 버전 | C5: V4.0
B6: 검증 솔루션 | C6: VIOLA
B7: 검증 일정
B8: 배포일
B9: Figma URL | C9: K8s / CICD
B11: ▶︎ 단위테스트 현황
B12: 구분 | D12: 테스트 결과 | H12: Testcase | I12: 수행률 | J12: 성공률 | K12: 비고
D13: PASS | E13: FAIL | F13: N/A | G13: N/T
B14: VIOLA_K8s | D14: =COUNTIFS('VIOLA(4.0)_신규변경'!$R$2:$R$12063,D$13,'VIOLA(4.0)_신규변경'!$B$2:$B$12063,$B$14) -> 281 | E14: =COUNTIFS('VIOLA(4.0)_신규변경'!$R$2:$R$12063,E$13,'VIOLA(4.0)_신규변경'!$B$2:$B$12063,$B$14) -> 6 | F14: =COUNTIFS('VIOLA(4.0)_신규변경'!$R$2:$R$12063,F$13,'VIOLA(4.0)_신규변경'!$B$2:$B$12063,$B$14) -> 6 | G14: =COUNTIFS('VIOLA(4.0)_신규변경'!$R$2:$R$12063,G$13,'VIOLA(4.0)_신규변경'!$B$2:$B$12063,$B$14) -> 0 | H14: =COUNTIF('VIOLA(4.0)_신규변경'!$B$2:$B$12075,$B$14)-G14 -> 2524 | I14: =IFERROR((D14+E14)/H14,"-") -> 0.1137084 | J14: =IFERROR(D14/(D14+E14),"-") -> 0.97909408
B15: VIOLA_CICD | D15: =COUNTIFS('VIOLA(4.0)_신규변경'!$R$2:$R$12063,D$13,'VIOLA(4.0)_신규변경'!$B$2:$B$12063,$B$15) -> 0 | E15: =COUNTIFS('VIOLA(4.0)_신규변경'!$R$2:$R$12063,E$13,'VIOLA(4.0)_신규변경'!$B$2:$B$12063,$B$15) -> 0 | F15: =COUNTIFS('VIOLA(4.0)_신규변경'!$R$2:$R$12063,F$13,'VIOLA(4.0)_신규변경'!$B$2:$B$12063,$B$15) -> 0 | G15: =COUNTIFS('VIOLA(4.0)_신규변경'!$R$2:$R$12063,G$13,'VIOLA(4.0)_신규변경'!$B$2:$B$12063,$B$15) -> 0 | H15: =COUNTIF('VIOLA(4.0)_신규변경'!$B$2:$B$12075,$B$15)-G15 -> 0 | I15: =IFERROR((D15+E15)/H15,"-") -> - | J15: =IFERROR(D15/(D15+E15),"-") -> -
B16: 총합 | D16: =SUM(D14:D15) -> 281 | E16: =SUM(E14:E15) -> 6 | F16: =SUM(F14:F15) -> 6 | G16: =SUM(G14:G15) -> 0 | H16: =SUM(H14:H15) -> 2524 | I16: =IFERROR((D16+E16)/H16,"-") -> 0.1137084 | J16: =IFERROR(D16/(D16+E16),"-") -> 0.97909408
B17: * 6/8 18:00 기준
B19: ▶︎ 심각도별 테스트 현황
B20: 구분 | C20: 테스트 결과 | H20: Testcase | I20: 수행률 | J20: 성공률 | K20: 비고
C21: 심각도 | D21: PASS | E21: FAIL | F21: N/A | G21: N/T
B22: VIOLA | C22: P1 | D22: =COUNTIFS('VIOLA(4.0)_신규변경'!$G$2:$G$12063, $C22,'VIOLA(4.0)_신규변경'!$R$2:$R$12063,D$13) -> 17 | E22: =COUNTIFS('VIOLA(4.0)_신규변경'!$G$2:$G$12063, $C22,'VIOLA(4.0)_신규변경'!$R$2:$R$12063,E$13) -> 0 | F22: =COUNTIFS('VIOLA(4.0)_신규변경'!$G$2:$G$12063, $C22,'VIOLA(4.0)_신규변경'!$R$2:$R$12063,F$13) -> 0 | G22: =COUNTIFS('VIOLA(4.0)_신규변경'!$G$2:$G$12063, $C22,'VIOLA(4.0)_신규변경'!$R$2:$R$12063,G$13) -> 0 | H22: =COUNTIF('VIOLA(4.0)_신규변경'!$G$2:$G$12063, $C22)-G22 -> 75 | I22: =IFERROR((D22+E22)/H22,"-") -> 0.22666667 | J22: =IFERROR(D22/(D22+E22),"-") -> 1
C23: P2 | D23: =COUNTIFS('VIOLA(4.0)_신규변경'!$G$2:$G$12063, $C23,'VIOLA(4.0)_신규변경'!$R$2:$R$12063,D$13) -> 16 | E23: =COUNTIFS('VIOLA(4.0)_신규변경'!$G$2:$G$12063, $C23,'VIOLA(4.0)_신규변경'!$R$2:$R$12063,E$13) -> 0 | F23: =COUNTIFS('VIOLA(4.0)_신규변경'!$G$2:$G$12063, $C23,'VIOLA(4.0)_신규변경'!$R$2:$R$12063,F$13) -> 0 | G23: =COUNTIFS('VIOLA(4.0)_신규변경'!$G$2:$G$12063, $C23,'VIOLA(4.0)_신규변경'!$R$2:$R$12063,G$13) -> 0 | H23: =COUNTIF('VIOLA(4.0)_신규변경'!$G$2:$G$12063, $C23)-G23 -> 122 | I23: =IFERROR((D23+E23)/H23,"-") -> 0.13114754 | J23: =IFERROR(D23/(D23+E23),"-") -> 1
C24: P3 | D24: =COUNTIFS('VIOLA(4.0)_신규변경'!$G$2:$G$12063, $C24,'VIOLA(4.0)_신규변경'!$R$2:$R$12063,D$13) -> 239 | E24: =COUNTIFS('VIOLA(4.0)_신규변경'!$G$2:$G$12063, $C24,'VIOLA(4.0)_신규변경'!$R$2:$R$12063,E$13) -> 5 | F24: =COUNTIFS('VIOLA(4.0)_신규변경'!$G$2:$G$12063, $C24,'VIOLA(4.0)_신규변경'!$R$2:$R$12063,F$13) -> 6 | G24: =COUNTIFS('VIOLA(4.0)_신규변경'!$G$2:$G$12063, $C24,'VIOLA(4.0)_신규변경'!$R$2:$R$12063,G$13) -> 0 | H24: =COUNTIF('VIOLA(4.0)_신규변경'!$G$2:$G$12063, $C24)-G24 -> 2281 | I24: =IFERROR((D24+E24)/H24,"-") -> 0.10697063 | J24: =IFERROR(D24/(D24+E24),"-") -> 0.9795082
C25: P4 | D25: =COUNTIFS('VIOLA(4.0)_신규변경'!$G$2:$G$12063, $C25,'VIOLA(4.0)_신규변경'!$R$2:$R$12063,D$13) -> 9 | E25: =COUNTIFS('VIOLA(4.0)_신규변경'!$G$2:$G$12063, $C25,'VIOLA(4.0)_신규변경'!$R$2:$R$12063,E$13) -> 1 | F25: =COUNTIFS('VIOLA(4.0)_신규변경'!$G$2:$G$12063, $C25,'VIOLA(4.0)_신규변경'!$R$2:$R$12063,F$13) -> 0 | G25: =COUNTIFS('VIOLA(4.0)_신규변경'!$G$2:$G$12063, $C25,'VIOLA(4.0)_신규변경'!$R$2:$R$12063,G$13) -> 0 | H25: =COUNTIF('VIOLA(4.0)_신규변경'!$G$2:$G$12063, $C25)-G25 -> 46 | I25: =IFERROR((D25+E25)/H25,"-") -> 0.2173913 | J25: =IFERROR(D25/(D25+E25),"-") -> 0.9
C26: 총합 | D26: =SUM(D22:D25) -> 281 | E26: =SUM(E22:E25) -> 6 | F26: =SUM(F22:F25) -> 6 | G26: =SUM(G22:G25) -> 0 | H26: =SUM(H22:H25) -> 2524 | I26: =IFERROR((D26+E26)/H26,"-") -> 0.1137084 | J26: =IFERROR(D26/(D26+E26),"-") -> 0.97909408
B27: * 6/8 18:00 기준
B29: 1. 테스트 이슈 (테스트 환경 및 개발 이슈) 2. 주요 결함 3. 특이사항

Sheet VIOLA(4.0)_신규변경
A1: No | B1: 솔루션 | C1: 기능테스트 ID | D1: 요구사항 ID | E1: 기능 ID | F1: 화면 ID | G1: 우선순위 | H1: 구분 | I1: 1 Depth | J1: 2 Depth | K1: 3 Depth | L1: 4 Depth | M1: 5 Depth | N1: 사전조건 | O1: 테스트 데이터 | P1: 절차 | Q1: 예상 결과 | R1: 실제 결과 | S1: 수행자 | T1: 수행일자 | U1: Jira | V1: 비고
A2: =ROW()-1 -> 1 | B2: VIOLA_K8S | C2: TC_VIO_001 | F2: VIOE-00_00_00 | G2: P3 | H2: 표시 | I2: 공통 정의 | J2: 레이아웃 정의 | K2: 상세 | L2: - | M2: - | N2: VIOLA 로그인 후 레이아웃이 적용된 화면 진입 | P2: 1. 화면 상단 GNB 영역 확인 | Q2: GNB 영역 구성 확인 | R2: PASS | S2: 김미지 | T2: 46296
A3: =ROW()-1 -> 2 | B3: VIOLA_K8S | C3: TC_VIO_002 | F3: VIOE-00_00_00 | G3: P3 | H3: 표시 | I3: 공통 정의 | J3: 레이아웃 정의 | K3: 상세 | L3: - | M3: - | N3: 레이아웃 적용 화면 진입 직후 상태 | P3: 1. LNB 영역의 메뉴 목록 확인 | Q3: 메뉴 `대시보드`·`기본 설정`·`워크플로우`·`서비스 카탈로그`·`모니터링` 5종 표출 | R3: PASS | S3: 김미지 | T3: 46296
A4: =ROW()-1 -> 3 | B4: VIOLA_K8S | C4: TC_VIO_003 | F4: VIOE-00_00_00 | G4: P3 | H4: 표시 | I4: 공통 정의 | J4: 레이아웃 정의 | K4: 상세 | L4: - | M4: - | N4: 레이아웃 적용 화면 진입 직후 상태 | P4: 1. LNB 메뉴 목록을 Menu Structure 정의와 대조 | Q4: LNB 메뉴 구성 확인 ㄴ 기획 미정의 항목 — PASS/FAIL 판정 대신 실측 상태를 `실제 결과`에 기재 | R4: PASS | S4: 김미지 | T4: 46296
A5: =ROW()-1 -> 4 | B5: VIOLA_K8S | C5: TC_VIO_004 | F5: VIOE-00_00_00 | G5: P3 | H5: 표시 | I5: 공통 정의 | J5: 레이아웃 정의 | K5: 상세 | L5: - | M5: - | N5: 레이아웃 적용 화면 최초 진입 상태 | P5: 1. LNB 상위 메뉴의 펼침 상태 확인 | Q5: 전체 메뉴 닫힘 상태로 표출 | R5: PASS | S5: 김미지 | T5: 46296
A6: =ROW()-1 -> 5 | B6: VIOLA_K8S | C6: TC_VIO_005 | F6: VIOE-00_00_00 | G6: P3 | H6: 표시 | I6: 공통 정의 | J6: 레이아웃 정의 | K6: 상세 | L6: - | M6: - | N6: 레이아웃 적용 화면 최초 진입 상태 | P6: 1. 테넌트 네비게이터 선택 후 LNB 확인 | Q6: `대시보드` 메뉴 선택 상태로 표출 | R6: PASS | S6: 김미지 | T6: 46296
A7: =ROW()-1 -> 6 | B7: VIOLA_K8S | C7: TC_VIO_006 | F7: VIOE-00_00_00 | G7: P3 | H7: 표시 | I7: 공통 정의 | J7: 레이아웃 정의 | K7: 상세 | L7: - | M7: - | N7: 레이아웃 적용 화면 최초 진입 상태 | P7: 1. 하위 메뉴 보유 메뉴의 chevron 표기 확인 | Q7: `기본 설정`·`워크플로우`·`서비스 카탈로그`·`모니터링` 우측에 chevron `˅` 표출 | R7: PASS | S7: 김미지 | T7: 46296
A8: =ROW()-1 -> 7 | B8: VIOLA_K8S | C8: TC_VIO_007 | F8: VIOE-00_00_00 | G8: P4 | H8: 부수 | I8: 공통 정의 | J8: 레이아웃 정의 | K8: 상세 | L8: - | M8: - | N8: LNB 전체 메뉴 닫힘 상태 | P8: 1. 하위 메뉴가 없는 `대시보드` 메뉴 클릭 | Q8: chevron 미표기로 하위 메뉴 펼침 미발생 | R8: PASS | S8: 김미지 | T8: 46296
A9: =ROW()-1 -> 8 | B9: VIOLA_K8S | C9: TC_VIO_008 | F9: VIOE-00_00_00 | G9: P3 | H9: 인터랙션 | I9: 공통 정의 | J9: 레이아웃 정의 | K9: 상세 | L9: - | M9: - | N9: LNB 전체 메뉴 닫힘 상태 | P9: 1. 상위 메뉴 `기본 설정` 클릭 | Q9: `기본 설정` 하위 메뉴 펼침 | R9: PASS | S9: 김미지 | T9: 46296
A10: =ROW()-1 -> 9 | B10: VIOLA_K8S | C10: TC_VIO_009 | F10: VIOE-00_00_00 | G10: P3 | H10: 엣지 | I10: 공통 정의 | J10: 레이아웃 정의 | K10: 상세 | L10: - | M10: - | N10: 상위 메뉴 `기본 설정` 하위 메뉴가 펼쳐진 상태 | P10: 1. 상위 메뉴 `기본 설정` 재클릭 | Q10: 기본 설정' 하위 메뉴 닫힘 | R10: PASS | S10: 김미지 | T10: 46296
A11: =ROW()-1 -> 10 | B11: VIOLA_K8S | C11: TC_VIO_010 | F11: VIOE-00_00_00 | G11: P3 | H11: 엣지 | I11: 공통 정의 | J11: 레이아웃 정의 | K11: 상세 | L11: - | M11: - | N11: 상위 메뉴 `기본 설정` 하위 메뉴가 펼쳐진 상태 | P11: 1. 다른 상위 메뉴 `워크플로우` 클릭 | Q11: 두 상위 메뉴의 펼침 상태 확인 | R11: PASS | S11: 김미지 | T11: 46296
A12: =ROW()-1 -> 11 | B12: VIOLA_K8S | C12: TC_VIO_011 | F12: VIOE-00_00_00 | G12: P3 | H12: 엣지 | I12: 공통 정의 | J12: 레이아웃 정의 | K12: 상세 | L12: - | M12: - | N12: 복수 상위 메뉴의 하위 메뉴가 펼쳐진 상태 | P12: 1. 하위 메뉴가 없는 메뉴 진입 | Q12: 진입한 메뉴 외 전체 메뉴 닫힘 | R12: PASS | S12: 김미지 | T12: 46296
A13: =ROW()-1 -> 12 | B13: VIOLA_K8S | C13: TC_VIO_012 | F13: VIOE-00_00_00 | G13: P3 | H13: 엣지 | I13: 공통 정의 | J13: 레이아웃 정의 | K13: 상세 | L13: - | M13: - | N13: 상위 메뉴 하위의 하위 메뉴 없는 메뉴에 진입한 상태 | P13: 1. 진입한 메뉴의 상위 메뉴 펼침 상태 확인 | Q13: 진입한 메뉴의 상위 메뉴만 펼침 상태 유지 | R13: PASS | S13: 김미지 | T13: 46296
... A20: =ROW()-1 -> 19 | B20: VIOLA_K8S | C20: TC_VIO_030 | F20: VIOE-00_00_00 | G20: P3 | H20: 표시 | I20: 공통 정의 | J20: 레이아웃 정의 | K20: 상세 | L20: - | M20: - | N20: 레이아웃 적용 화면 진입 직후 상태 | P20: 1. `모니터링 현황` 버튼의 활성 상태 확인 | Q20: 버튼 항상 활성 상태로 표출 | R20: PASS | S20: 김미지 | T20: 46296
A21: =ROW()-1 -> 20 | B21: VIOLA_K8S | C21: TC_VIO_031 | F21: VIOE-00_00_00 | G21: P3 | H21: 엣지 | I21: 공통 정의 | J21: 레이아웃 정의 | K21: 상세 | L21: - | M21: - | N21: 모니터링 현황 정보 내 장애가 발생한 상태 | P21: 1. 상단 바 `모니터링 현황` 버튼의 알림 효과 확인 | Q21: 시각적 알림 효과 표출 ㄴ 효과 형태(색·애니메이션·배지) 기획 미정의 — 형태는 실측 상태를 `실제 결과`에 기재
A22: =ROW()-1 -> 21 | B22: VIOLA_K8S | C22: TC_VIO_033 | F22: VIOE-00_00_00 | G22: P1 | H22: 인터랙션 | I22: 공통 정의 | J22: 레이아웃 정의 | K22: 상세 | L22: - | M22: - | N22: 상단 바 `모니터링 현황` 버튼이 표출된 상태 | P22: 1. `모니터링 현황` 버튼 클릭 | Q22: 오버레이 팝업 표출 | R22: PASS | S22: 김미지 | T22: 46296
A23: =ROW()-1 -> 22 | B23: VIOLA_K8S | C23: TC_VIO_037 | F23: VIOE-00_00_00 | G23: P3 | H23: 표시 | I23: 공통 정의 | J23: 테넌트 네비게이터 팝오버 | K23: 상세 | L23: - | M23: - | N23: 테넌트 네비게이터 팝오버가 표출된 상태 | P23: 1. 팝오버 상단 라벨 확인 | Q23: 라벨 `클러스터 선택` 표출 | R23: PASS | S23: 김미지 | T23: 46296
A24: =ROW()-1 -> 23 | B24: VIOLA_K8S | C24: TC_VIO_038 | F24: VIOE-00_00_00 | G24: P3 | H24: 표시 | I24: 공통 정의 | J24: 테넌트 네비게이터 팝오버 | K24: 상세 | L24: - | M24: - | N24: 테넌트 네비게이터 팝오버가 표출된 상태 | P24: 1. 팝오버 검색 입력 필드 확인 | Q24: 돋보기 아이콘과 placeholder 텍스트 표출 | R24: PASS | S24: 김미지 | T24: 46296
A25: =ROW()-1 -> 24 | B25: VIOLA_K8S | C25: TC_VIO_039 | F25: VIOE-00_00_00 | G25: P3 | H25: 표시 | I25: 공통 정의 | J25: 테넌트 네비게이터 팝오버 | K25: 상세 | L25: - | M25: - | N25: 테넌트 네비게이터 팝오버가 표출된 상태 | P25: 1. 팝오버 상단 그룹 헤더 확인 | Q25: 그룹 헤더 `즐겨찾기` 표출 | R25: PASS | S25: 김미지 | T25: 46296
A26: =ROW()-1 -> 25 | B26: VIOLA_K8S | C26: TC_VIO_040 | F26: VIOE-00_00_00 | G26: P3 | H26: 표시 | I26: 공통 정의 | J26: 테넌트 네비게이터 팝오버 | K26: 상세 | L26: - | M26: - | N26: 테넌트 네비게이터 팝오버가 표출된 상태 | P26: 1. 팝오버 하단 그룹 헤더 확인 | Q26: 그룹 헤더 `전체` 표출 | R26: PASS | S26: 김미지 | T26: 46296
A27: =ROW()-1 -> 26 | B27: VIOLA_K8S | C27: TC_VIO_041 | F27: VIOE-00_00_00 | G27: P3 | H27: 표시 | I27: 공통 정의 | J27: 테넌트 네비게이터 팝오버 | K27: 상세 | L27: - | M27: - | N27: 테넌트 네비게이터 팝오버가 표출된 상태 | P27: 1. 그룹 사이 구분선 확인 | Q27: 그룹 사이 수평 구분선 1개 표출 | R27: PASS | S27: 김미지 | T27: 46296
A28: =ROW()-1 -> 27 | B28: VIOLA_K8S | C28: TC_VIO_042 | F28: VIOE-00_00_00 | G28: P3 | H28: 표시 | I28: 공통 정의 | J28: 테넌트 네비게이터 팝오버 | K28: 상세 | L28: - | M28: - | N28: 테넌트 네비게이터 팝오버가 표출된 상태 | P28: 1. `즐겨찾기` 그룹 항목의 북마크 아이콘 확인 | Q28: 녹색 채움 북마크 아이콘 표출 | R28: PASS | S28: 김미지 | T28: 46296
A29: =ROW()-1 -> 28 | B29: VIOLA_K8S | C29: TC_VIO_043 | F29: VIOE-00_00_00 | G29: P3 | H29: 표시 | I29: 공통 정의 | J29: 테넌트 네비게이터 팝오버 | K29: 상세 | L29: - | M29: - | N29: 테넌트 네비게이터 팝오버가 표출된 상태 | P29: 1. `전체` 그룹 항목의 북마크 아이콘 확인 | Q29: outline 북마크 아이콘 표출 | R29: PASS | S29: 김미지 | T29: 46296
A30: =ROW()-1 -> 29 | B30: VIOLA_K8S | C30: TC_VIO_044 | F30: VIOE-00_00_00 | G30: P3 | H30: 표시 | I30: 공통 정의 | J30: 테넌트 네비게이터 팝오버 | K30: 상세 | L30: - | M30: - | N30: 팝오버에서 클러스터 1건이 선택된 상태 | P30: 1. 선택 항목 행의 표기 확인 | Q30: 연녹색 배경과 우측 녹색 체크 `✓` 표출 | R30: PASS | S30: 김미지 | T30: 46296
A31: =ROW()-1 -> 30 | B31: VIOLA_K8S | C31: TC_VIO_046 | F31: VIOE-00_00_00 | G31: P3 | H31: 인터랙션 | I31: 공통 정의 | J31: 테넌트 네비게이터 팝오버 | K31: 상세 | L31: - | M31: - | N31: 테넌트 네비게이터 팝오버가 표출된 상태 | P31: 1. 그룹 헤더 우측 정렬 토글 `↑↓` 클릭 | Q31: 항목 정렬 상태 확인 ㄴ "멀티 클러스터 대시보드"는 최상단 고정 | R31: PASS | S31: 김미지 | T31: 46296
A32: =ROW()-1 -> 31 | B32: VIOLA_K8S | C32: TC_VIO_047 | F32: VIOE-00_00_00 | G32: P4 | H32: 부수 | I32: 공통 정의 | J32: 테넌트 네비게이터 팝오버 | K32: 상세 | L32: - | M32: - | N32: 팝오버 그룹이 펼쳐진 상태 | P32: 1. 그룹 헤더 우측 접기 chevron `˅` 클릭 | Q32: 그룹 접힘 상태 확인 | R32: PASS | S32: 김미지 | T32: 46296
A33: =ROW()-1 -> 32 | B33: VIOLA_K8S | C33: TC_VIO_048 | F33: VIOE-00_00_00 | G33: P3 | H33: 표시 | I33: 공통 정의 | J33: 테넌트 네비게이터 팝오버 | K33: 상세 | L33: - | M33: - | N33: 테넌트 네비게이터 팝오버가 표출된 상태 | P33: 1. 팝오버 우하단 최우측 버튼 확인 | Q33: 녹색 채움 `확인` 버튼 표출 | R33: PASS | S33: 김미지 | T33: 46296
... A37: =ROW()-1 -> 36 | B37: VIOLA_K8S | C37: TC_VIO_052 | F37: VIOE-00_00_00 | G37: P2 | H37: 비정상 | I37: 공통 정의 | J37: 테넌트 네비게이터 팝오버 | K37: 상세 | L37: - | M37: - | N37: 테넌트 네비게이터 팝오버가 표출된 상태 | P37: 1. 검색 필드에 일치 항목이 없는 문자열 입력 | Q37: 검색 목록 없음 | R37: PASS | S37: 김미지 | T37: 46296
A38: =ROW()-1 -> 37 | B38: VIOLA_K8S | C38: TC_VIO_056 | F38: VIOE-00_00_09 | G38: P1 | H38: 인터랙션 | I38: 공통 정의 | J38: 모니터링 현황 팝업 | K38: 상세 | L38: - | M38: - | N38: `모니터링 현황` 버튼이 표출된 화면 진입 상태 | P38: 1. 화면 우상단 `모니터링 현황` 버튼 클릭 | Q38: `모니터링 현황` 팝업 표출
A39: =ROW()-1 -> 38 | B39: VIOLA_K8S | C39: TC_VIO_057 | F39: VIOE-00_00_09 | G39: P3 | H39: 표시 | I39: 공통 정의 | J39: 모니터링 현황 팝업 | K39: 상세 | L39: - | M39: - | N39: `모니터링 현황` 팝업이 호출된 상태 | P39: 1. 팝업과 배경 화면의 레이어 순서 확인 | Q39: 팝업이 화면 최상단 레이어로 표출
A40: =ROW()-1 -> 39 | B40: VIOLA_K8S | C40: TC_VIO_058 | F40: VIOE-00_00_09 | G40: P3 | H40: 표시 | I40: 공통 정의 | J40: 모니터링 현황 팝업 | K40: 상세 | L40: - | M40: - | N40: 모니터링 현황 정보 내 장애가 없는 화면 진입 상태 | P40: 1. 화면 우상단 `모니터링 현황` 버튼 표기 확인 | Q40: 녹색 외곽선과 연녹색 배경의 버튼에 라인 차트 아이콘·라벨 `모니터링 현황` 표출
A41: =ROW()-1 -> 40 | B41: VIOLA_K8S | C41: TC_VIO_059 | F41: VIOE-00_00_09 | G41: P3 | H41: 엣지 | I41: 공통 정의 | J41: 모니터링 현황 팝업 | K41: 상세 | L41: - | M41: - | N41: 모니터링 현황 정보 내 장애가 발생한 상태 | P41: 1. 화면 우상단 `모니터링 현황` 버튼 status 확인 | Q41: 버튼 status가 warning status로 변경되어 시각적 알림 효과 표출
A42: =ROW()-1 -> 41 | B42: VIOLA_K8S | C42: TC_VIO_060 | F42: VIOE-00_00_09 | G42: P3 | H42: 표시 | I42: 공통 정의 | J42: 모니터링 현황 팝업 | K42: 상세 | L42: - | M42: - | N42: 모니터링 현황 정보 내 장애로 버튼이 warning status인 상태 | P42: 1. warning status 버튼의 표기 확인 | Q42: 진한 빨강 채움과 빨간 glow 배경에 흰색 아이콘·라벨 표출 ㄴ glow 효과의 애니메이션 여부 기획 미정의 — 해당 부분은 실측 상태를 `실제 결과`에 기재
A43: =ROW()-1 -> 42 | B43: VIOLA_K8S | C43: TC_VIO_061 | F43: VIOE-00_00_09 | G43: P3 | H43: 엣지 | I43: 공통 정의 | J43: 모니터링 현황 팝업 | K43: 상세 | L43: - | M43: - | N43: warning 이벤트만 존재하고 네트워크·로그 통계는 정상인 상태 | P43: 1. 화면 우상단 `모니터링 현황` 버튼 status 확인 | Q43: 이벤트 탭 조건은 버튼 status에 미반영 — 기본 상태 유지
A44: =ROW()-1 -> 43 | B44: VIOLA_K8S | C44: TC_VIO_062 | F44: VIOE-00_00_09 | G44: P3 | H44: 엣지 | I44: 공통 정의 | J44: 모니터링 현황 팝업 | K44: 상세 | L44: - | M44: - | N44: warning 이벤트만 존재하고 네트워크·로그 통계는 정상인 상태 | P44: 1. 화면 우상단 `모니터링 현황` 버튼 status 확인 | Q44: 버튼 status 기본 상태 유지
A45: =ROW()-1 -> 44 | B45: VIOLA_K8S | C45: TC_VIO_063 | F45: VIOE-00_00_09 | G45: P3 | H45: 엣지 | I45: 공통 정의 | J45: 모니터링 현황 팝업 | K45: 상세 | L45: - | M45: - | N45: 네트워크 장애가 존재하는 상태 | P45: 1. 화면 우상단 `모니터링 현황` 버튼 status 확인 | Q45: 버튼 status가 warning status로 변경
A46: =ROW()-1 -> 45 | B46: VIOLA_K8S | C46: TC_VIO_064 | F46: VIOE-00_00_09 | G46: P3 | H46: 엣지 | I46: 공통 정의 | J46: 모니터링 현황 팝업 | K46: 상세 | L46: - | M46: - | N46: 모든 네트워크가 정상이고 미확인 `리소스 상태 이상 감지` 건이 없는 상태 | P46: 1. 화면 우상단 `모니터링 현황` 버튼 status 확인 | Q46: 버튼 status 기본 상태로 표출
A47: =ROW()-1 -> 46 | B47: VIOLA_K8S | C47: TC_VIO_065 | F47: VIOE-00_00_09 | G47: P3 | H47: 엣지 | I47: 공통 정의 | J47: 모니터링 현황 팝업 | K47: 상세 | L47: - | M47: - | N47: 확인하지 않은 `리소스 상태 이상 감지` 건이 존재하는 상태 | P47: 1. 화면 우상단 `모니터링 현황` 버튼 status 확인 | Q47: 버튼 status가 warning status로 변경
A48: =ROW()-1 -> 47 | B48: VIOLA_K8S | C48: TC_VIO_066 | F48: VIOE-00_00_09 | G48: P3 | H48: 엣지 | I48: 공통 정의 | J48: 모니터링 현황 팝업 | K48: 상세 | L48: - | M48: - | N48: 네트워크는 정상이고 미확인 `리소스 상태 이상 감지` 건으로 버튼이 warning status인 상태 | P48: 1. 팝업 탭 `로그 통계` 진입 | Q48: 버튼 status가 기본 상태로 전환
A49: =ROW()-1 -> 48 | B49: VIOLA_K8S | C49: TC_VIO_067 | F49: VIOE-00_00_09 | G49: P3 | H49: 엣지 | I49: 공통 정의 | J49: 모니터링 현황 팝업 | K49: 상세 | L49: - | M49: - | N49: 네트워크 장애와 미확인 `리소스 상태 이상 감지` 건이 동시에 존재하는 상태 | P49: 1. 탭 `로그 통계` 진입 후 `모니터링 현황` 버튼 status 확인 | Q49: 두 조건 동시 성립 시의 버튼 status 확인 ㄴ 기획 미정의 항목 — PASS/FAIL 판정 대신 실측 상태를 `실제 결과`에 기재
... A158: =ROW()-1 -> 157 | B158: VIOLA_K8S | C158: TC_VIO_176 | F158: VIOE-00_00_09 | G158: P3 | H158: 엣지 | I158: 공통 정의 | J158: 모니터링 현황 팝업 로그 통계 탭 | K158: 상세 | L158: - | M158: - | N158: 최근 1시간 로그가 0건인 상태 | P158: 1. 탭 `로그 통계` 진입 | Q158: 로그 0건 상태 확인 ㄴ 기획 미정의 항목 — PASS/FAIL 판정 대신 실측 상태를 `실제 결과`에 기재
A159: =ROW()-1 -> 158 | B159: VIOLA_K8S | C159: TC_VIO_177 | F159: VIOE-04_06_01 | G159: P3 | H159: 표시 | I159: 모니터링 | J159: 외부 알람 목록 | K159: 목록 | L159: - | M159: - | N159: 외부 알람 목록 화면 진입 상태 | P159: 1. 화면 상단 좌측 Breadcrumb 확인 | Q159: `모니터링 / 외부 알람 설정` 2단 Breadcrumb 표출 ㄴ 최하위 `외부 알람 설정` 볼드 표기 | R159: PASS | S159: 권혁호 | T159: 46296
A160: =ROW()-1 -> 159 | B160: VIOLA_K8S | C160: TC_VIO_178 | F160: VIOE-04_06_01 | G160: P3 | H160: 표시 | I160: 모니터링 | J160: 외부 알람 목록 | K160: 목록 | L160: - | M160: - | N160: 외부 알람 목록 화면 진입 상태 | P160: 1. 페이지 헤더 영역의 타이틀 확인 | Q160: 페이지 타이틀 `외부 알람 설정` 표출 | R160: PASS | S160: 권혁호 | T160: 46296
A161: =ROW()-1 -> 160 | B161: VIOLA_K8S | C161: TC_VIO_179 | F161: VIOE-04_06_01 | G161: P3 | H161: 표시 | I161: 모니터링 | J161: 외부 알람 목록 | K161: 목록 | L161: - | M161: - | N161: 외부 알람 목록 화면 진입 상태 | P161: 1. 페이지 타이틀 하단 서브타이틀 영역 확인 | Q161: 서브타이틀 텍스트 표출 ㄴ 기획서 UI가 더미 `Subtitle` 표기 — 실 문구는 실측 상태를 `실제 결과`에 기재 | R161: FAIL | S161: 권혁호 | T161: 46296 | U161: VQ-589 | V161: [K8s] 외부 알람 설정 메뉴 subtitle 문구 기획서와 상이함
A162: =ROW()-1 -> 161 | B162: VIOLA_K8S | C162: TC_VIO_180 | F162: VIOE-04_06_01 | G162: P3 | H162: 표시 | I162: 모니터링 | J162: 외부 알람 목록 | K162: 목록 | L162: - | M162: - | N162: 외부 알람 목록 화면 진입 상태 | P162: 1. 좌측 LNB `모니터링` 하위 메뉴 상태 확인 | Q162: `외부 알람 설정` 메뉴가 선택 상태로 표출 | R162: PASS | S162: 권혁호 | T162: 46296
A163: =ROW()-1 -> 162 | B163: VIOLA_K8S | C163: TC_VIO_181 | F163: VIOE-04_06_01 | G163: P3 | H163: 표시 | I163: 모니터링 | J163: 외부 알람 목록 | K163: 목록 | L163: - | M163: - | N163: 외부 알람 목록 화면 진입 상태 | P163: 1. 화면 우상단 클러스터 선택기 확인 | Q163: 클러스터 선택기와 교체 아이콘 표출 | R163: PASS | S163: 권혁호 | T163: 46296
A164: =ROW()-1 -> 163 | B164: VIOLA_K8S | C164: TC_VIO_182 | F164: VIOE-04_06_01 | G164: P3 | H164: 표시 | I164: 모니터링 | J164: 외부 알람 목록 | K164: 목록 | L164: - | M164: - | N164: 외부 알람 목록 화면 진입 상태 | P164: 1. 화면 우상단 최우측 버튼 확인 | Q164: 아이콘과 라벨 `모니터링 현황` 버튼 표출 | R164: PASS | S164: 권혁호 | T164: 46296
A165: =ROW()-1 -> 164 | B165: VIOLA_K8S | C165: TC_VIO_183 | F165: VIOE-04_06_01 | G165: P2 | H165: 정상 | I165: 모니터링 | J165: 외부 알람 목록 | K165: 목록 | L165: - | M165: - | N165: 외부 알람이 1건 이상 등록된 상태 | P165: 1. LNB `모니터링` > `외부 알람 설정` 진입 | Q165: 외부 알람 목록 테이블 표출 | R165: PASS | S165: 권혁호 | T165: 46296
A166: =ROW()-1 -> 165 | B166: VIOLA_K8S | C166: TC_VIO_184 | F166: VIOE-04_06_01 | G166: P3 | H166: 엣지 | I166: 모니터링 | J166: 외부 알람 목록 | K166: 목록 | L166: - | M166: - | N166: 외부 알람 목록 화면 진입 상태 | P166: 1. 목록 영역의 조회 동작·구성 확인 | Q166: Table 조회형 공통 정책에 따른 목록 제공 확인 | R166: PASS | S166: 권혁호 | T166: 46296
A167: =ROW()-1 -> 166 | B167: VIOLA_K8S | C167: TC_VIO_185 | F167: VIOE-04_06_01 | G167: P3 | H167: 표시 | I167: 모니터링 | J167: 외부 알람 목록 | K167: 목록 | L167: - | M167: - | N167: 외부 알람 목록 화면 진입 상태 | P167: 1. 테이블 헤더 `조건 구성` 컬럼의 정렬 아이콘 유무 확인 | Q167: `조건 구성` 컬럼에 정렬 아이콘 미표출 | R167: PASS | S167: 권혁호 | T167: 46296
A168: =ROW()-1 -> 167 | B168: VIOLA_K8S | C168: TC_VIO_186 | F168: VIOE-04_06_01 | G168: P3 | H168: 표시 | I168: 모니터링 | J168: 외부 알람 목록 | K168: 목록 | L168: - | M168: - | N168: 외부 알람 목록 화면 진입 상태 | P168: 1. 테이블 헤더 `활성화` 컬럼의 정렬 아이콘 유무 확인 | Q168: `활성화` 컬럼에 정렬 아이콘 미표출 | R168: PASS | S168: 권혁호 | T168: 46296
A169: =ROW()-1 -> 168 | B169: VIOLA_K8S | C169: TC_VIO_187 | F169: VIOE-04_06_01 | G169: P4 | H169: 부수 | I169: 모니터링 | J169: 외부 알람 목록 | K169: 목록 | L169: - | M169: - | N169: `조건 구성` 값이 서로 다른 알람이 2건 이상 등록되고 정렬이 적용되지 않은 목록 화면 진입 상태 | P169: 1. 테이블 헤더 `조건 구성` 컬럼명 클릭 | Q169: 클릭 전후 목록 순서 유지 | R169: PASS | S169: 권혁호 | T169: 46296
A170: =ROW()-1 -> 169 | B170: VIOLA_K8S | C170: TC_VIO_188 | F170: VIOE-04_06_01 | G170: P4 | H170: 부수 | I170: 모니터링 | J170: 외부 알람 목록 | K170: 목록 | L170: - | M170: - | N170: `활성화` 값이 서로 다른 알람이 2건 이상 등록되고 정렬이 적용되지 않은 목록 화면 진입 상태 | P170: 1. 테이블 헤더 `활성화` 컬럼명 클릭 | Q170: 해당 컬럼 기준 정렬 적용 확인 | R170: FAIL | S170: 권혁호 | T170: 46296 | U170: VQ-596 | V170: [K8s] 외부 알람 설정 목록의 "활성화" 컬럼에 sort 적용되어 있지 않음
A171: =ROW()-1 -> 170 | B171: VIOLA_K8S | C171: TC_VIO_189 | F171: VIOE-04_06_01 | G171: P3 | H171: 표시 | I171: 모니터링 | J171: 외부 알람 목록 | K171: 목록 | L171: - | M171: - | N171: 외부 알람 목록 화면 진입 상태 | P171: 1. 검색 필터에서 `조건 수, 최근 발송일시` 항목 제공 여부 확인 | Q171: `조건 수, 최근 발송일시` 검색 필터 미제공 | R171: FAIL | S171: 권혁호 | T171: 46296 | U171: VQ-597 | V171: [K8s] 외부 알람 설정 목록 > 일부 검색 필터 칼럼명과 상이함
A172: =ROW()-1 -> 171 | B172: VIOLA_K8S | C172: TC_VIO_190 | F172: VIOE-04_06_01 | G172: P3 | H172: 표시 | I172: 모니터링 | J172: 외부 알람 목록 | K172: 목록 | L172: - | M172: - | N172: 외부 알람 목록 화면 진입 상태 | P172: 1. 테이블 헤더 `작업` 컬럼의 정렬 아이콘 유무 확인 | Q172: `작업` 컬럼에 정렬 아이콘 미표출 | R172: PASS | S172: 권혁호 | T172: 46296
A173: =ROW()-1 -> 172 | B173: VIOLA_K8S | C173: TC_VIO_191 | F173: VIOE-04_06_01 | G173: P3 | H173: 표시 | I173: 모니터링 | J173: 외부 알람 목록 | K173: 목록 | L173: - | M173: - | N173: 외부 알람 목록 화면 진입 상태 | P173: 1. 테이블 헤더의 컬럼 구성과 순서 확인 | Q173: 체크박스 · `이름` · `클러스터` · `대상 리소스` · `조건 구성` · `조건 수` · `활성화` · `최근 발송일시` · `생성일시` · `작업` 순으로 표출 | R173: PASS | S173: 권혁호 | T173: 46296
A174: =ROW()-1 -> 173 | B174: VIOLA_K8S | C174: TC_VIO_192 | F174: VIOE-04_06_01 | G174: P3 | H174: 표시 | I174: 모니터링 | J174: 외부 알람 목록 | K174: 목록 | L174: - | M174: - | N174: 외부 알람 목록 화면 진입 상태 | P174: 1. 테이블 헤더 `대상 리소스` 영역 확인 | Q174: `대상 리소스` 그룹 헤더 하위에 `네임스페이스` · `워크로드` 2컬럼 표출 | R174: PASS | S174: 권혁호 | T174: 46296
A175: =ROW()-1 -> 174 | B175: VIOLA_K8S | C175: TC_VIO_193 | F175: VIOE-04_06_01 | G175: P3 | H175: 표시 | I175: 모니터링 | J175: 외부 알람 목록 | K175: 목록 | L175: - | M175: - | N175: 외부 알람 목록 화면 진입 상태 | P175: 1. 정렬 아이콘이 표출되는 컬럼 확인 | Q175: `이름` · `클러스터` · `네임스페이스` · `워크로드` · `조건 수` · `최근 발송일시` · `생성일시` 7개 컬럼에 정렬 아이콘 표출 | R175: PASS | S175: 권혁호 | T175: 46296
A176: =ROW()-1 -> 175 | B176: VIOLA_K8S | C176: TC_VIO_194 | F176: VIOE-04_06_01 | G176: P3 | H176: 엣지 | I176: 모니터링 | J176: 외부 알람 목록 | K176: 목록 | L176: - | M176: - | N176: 외부 알람이 1건 이상 등록된 목록 화면 진입 상태 | P176: 1. 정렬 아이콘이 표출된 컬럼의 헤더 클릭 | Q176: 해당 컬럼 기준 정렬 적용 확인 | R176: PASS | S176: 권혁호 | T176: 46296
A177: =ROW()-1 -> 176 | B177: VIOLA_K8S | C177: TC_VIO_195 | F177: VIOE-04_06_01 | G177: P3 | H177: 표시 | I177: 모니터링 | J177: 외부 알람 목록 | K177: 목록 | L177: - | M177: - | N177: 외부 알람 목록 화면 진입 상태 | P177: 1. 테이블 헤더 `이름` 컬럼 확인 | Q177: `이름` 컬럼이 체크박스 우측 첫 번째 컬럼으로 표출 | R177: PASS | S177: 권혁호 | T177: 46296
A178: =ROW()-1 -> 177 | B178: VIOLA_K8S | C178: TC_VIO_196 | F178: VIOE-04_06_01 | G178: P3 | H178: 표시 | I178: 모니터링 | J178: 외부 알람 목록 | K178: 목록 | L178: - | M178: - | N178: 외부 알람이 1건 이상 등록된 목록 화면 진입 상태 | P178: 1. 목록 행의 `이름` 셀 표기 확인 | Q178: `이름` 값이 밑줄 링크 형태로 표출 | R178: PASS | S178: 권혁호 | T178: 46296
A179: =ROW()-1 -> 178 | B179: VIOLA_K8S | C179: TC_VIO_197 | F179: VIOE-04_06_01 | G179: P1 | H179: 인터랙션 | I179: 모니터링 | J179: 외부 알람 목록 | K179: 목록 | L179: - | M179: - | N179: 외부 알람이 1건 이상 등록된 목록 화면 진입 상태 | P179: 1. 목록 행의 `이름` 셀 클릭 | Q179: 알람 상세 화면(VIOE-04_06_04)으로 이동 | R179: PASS | S179: 권혁호 | T179: 46296
A180: =ROW()-1 -> 179 | B180: VIOLA_K8S | C180: TC_VIO_199 | F180: VIOE-04_06_01 | G180: P3 | H180: 표시 | I180: 모니터링 | J180: 외부 알람 목록 | K180: 목록 | L180: - | M180: - | N180: 외부 알람 목록 화면 진입 상태 | P180: 1. 테이블 헤더 `클러스터` 컬럼 확인 | Q180: `클러스터` 컬럼이 `이름` 우측에 표출 | R180: PASS | S180: 권혁호 | T180: 46296
A181: =ROW()-1 -> 180 | B181: VIOLA_K8S | C181: TC_VIO_200 | F181: VIOE-04_06_01 | G181: P3 | H181: 엣지 | I181: 모니터링 | J181: 외부 알람 목록 | K181: 목록 | L181: - | M181: - | N181: 외부 알람이 1건 이상 등록된 목록 화면 진입 상태 | P181: 1. 목록 행의 `클러스터` 셀 표기 확인 | Q181: 해당 알람의 클러스터 이름 표출 | R181: PASS | S181: 권혁호 | T181: 46296
A182: =ROW()-1 -> 181 | B182: VIOLA_K8S | C182: TC_VIO_201 | F182: VIOE-04_06_01 | G182: P3 | H182: 표시 | I182: 모니터링 | J182: 외부 알람 목록 | K182: 목록 | L182: - | M182: - | N182: 외부 알람 목록 화면 진입 상태 | P182: 1. `대상 리소스` 그룹 헤더 하위 좌측 컬럼 확인 | Q182: `네임스페이스` 컬럼 표출 | R182: PASS | S182: 권혁호 | T182: 46296
A183: =ROW()-1 -> 182 | B183: VIOLA_K8S | C183: TC_VIO_202 | F183: VIOE-04_06_01 | G183: P3 | H183: 표시 | I183: 모니터링 | J183: 외부 알람 목록 | K183: 목록 | L183: - | M183: - | N183: 대상 범위가 `네임스페이스 전체` 인 알람이 존재하는 상태 | P183: 1. 해당 행의 `네임스페이스` 셀 표기 확인 | Q183: `전체` 표출 | R183: PASS | S183: 권혁호 | T183: 46296
... A193: =ROW()-1 -> 192 | B193: VIOLA_K8S | C193: TC_VIO_212 | F193: VIOE-04_06_01 | G193: P3 | H193: 표시 | I193: 모니터링 | J193: 외부 알람 목록 | K193: 목록 | L193: - | M193: - | N193: `메트릭(임계치)` 유형 조건이 구성된 알람이 존재하는 상태 | P193: 1. 해당 행의 `조건 구성` 셀 확인 | Q193: `메트릭(임계치)` 태그 표출 | R193: PASS | S193: 권혁호 | T193: 46296
A194: =ROW()-1 -> 193 | B194: VIOLA_K8S | C194: TC_VIO_213 | F194: VIOE-04_06_01 | G194: P3 | H194: 표시 | I194: 모니터링 | J194: 외부 알람 목록 | K194: 목록 | L194: - | M194: - | N194: `이벤트` 유형 조건이 구성된 알람이 존재하는 상태 | P194: 1. 해당 행의 `조건 구성` 셀 확인 | Q194: `이벤트` 태그 표출 | R194: N/A | S194: 권혁호 | T194: 46296 | V194: VQ-595 이슈로 인해 테스트 불가
A195: =ROW()-1 -> 194 | B195: VIOLA_K8S | C195: TC_VIO_214 | F195: VIOE-04_06_01 | G195: P3 | H195: 표시 | I195: 모니터링 | J195: 외부 알람 목록 | K195: 목록 | L195: - | M195: - | N195: `로그` 유형 조건이 구성된 알람이 존재하는 상태 | P195: 1. 해당 행의 `조건 구성` 셀 확인 | Q195: `로그` 태그 표출 | R195: N/A | S195: 권혁호 | T195: 46296 | V195: VQ-595 이슈로 인해 테스트 불가
A196: =ROW()-1 -> 195 | B196: VIOLA_K8S | C196: TC_VIO_214 | F196: VIOE-04_06_01 | G196: P3 | H196: 표시 | I196: 모니터링 | J196: 외부 알람 목록 | K196: 목록 | L196: - | M196: - | N196: `클러스터 이상 감지` 유형 조건이 구성된 알람이 존재하는 상태 | P196: 1. 해당 행의 `조건 구성` 셀 확인 | Q196: `클러스터 상태 이상` 태그 표출 | R196: FAIL | S196: 권혁호 | T196: 46296 | U196: VQ-594 | V196: [K8s] 알람 조건 "클러스터 이상 감지"로 등록된 알람이 목록에서 "로그" 로 노출되는 현상
A197: =ROW()-1 -> 196 | B197: VIOLA_K8S | C197: TC_VIO_215 | F197: VIOE-04_06_01 | G197: P3 | H197: 표시 | I197: 모니터링 | J197: 외부 알람 목록 | K197: 목록 | L197: - | M197: - | N197: 두 개 이상 유형의 조건이 구성된 알람이 존재하는 상태 | P197: 1. 해당 행의 `조건 구성` 셀 확인 | Q197: 유형별 태그가 각각 별도 태그로 표출 | R197: PASS | S197: 권혁호 | T197: 46296
A198: =ROW()-1 -> 197 | B198: VIOLA_K8S | C198: TC_VIO_216 | F198: VIOE-04_06_01 | G198: P3 | H198: 엣지 | I198: 모니터링 | J198: 외부 알람 목록 | K198: 목록 | L198: - | M198: - | N198: 태그가 셀 표출 범위를 초과하는 알람이 존재하는 상태 | P198: 1. 해당 행의 `조건 구성` 셀 확인 | Q198: `+N` 오버플로 배지 표출 | R198: N/A | S198: 권혁호 | T198: 46296 | V198: VQ-595 이슈로 인해 테스트 불가
A199: =ROW()-1 -> 198 | B199: VIOLA_K8S | C199: TC_VIO_217 | F199: VIOE-04_06_01 | G199: P3 | H199: 표시 | I199: 모니터링 | J199: 외부 알람 목록 | K199: 목록 | L199: - | M199: - | N199: 외부 알람 목록 화면 진입 상태 | P199: 1. 테이블 헤더 `조건 수` 컬럼 확인 | Q199: `조건 수` 컬럼이 `조건 구성` 우측에 표출 | R199: PASS | S199: 권혁호 | T199: 46296
A200: =ROW()-1 -> 199 | B200: VIOLA_K8S | C200: TC_VIO_218 | F200: VIOE-04_06_01 | G200: P3 | H200: 표시 | I200: 모니터링 | J200: 외부 알람 목록 | K200: 목록 | L200: - | M200: - | N200: 외부 알람이 1건 이상 등록된 목록 화면 진입 상태 | P200: 1. 목록 행의 `조건 수` 셀 표기 확인 | Q200: 조건 건수가 숫자만으로 표출 | R200: PASS | S200: 권혁호 | T200: 46296
A201: =ROW()-1 -> 200 | B201: VIOLA_K8S | C201: TC_VIO_219 | F201: VIOE-04_06_01 | G201: P3 | H201: 표시 | I201: 모니터링 | J201: 외부 알람 목록 | K201: 목록 | L201: - | M201: - | N201: 외부 알람 목록 화면 진입 상태 | P201: 1. 테이블 헤더 `활성화` 컬럼 확인 | Q201: `활성화` 컬럼이 `조건 수` 우측에 표출 | R201: PASS | S201: 권혁호 | T201: 46296
A202: =ROW()-1 -> 201 | B202: VIOLA_K8S | C202: TC_VIO_220 | F202: VIOE-04_06_01 | G202: P3 | H202: 표시 | I202: 모니터링 | J202: 외부 알람 목록 | K202: 목록 | L202: - | M202: - | N202: 활성 상태인 알람이 존재하는 상태 | P202: 1. 해당 행의 `활성화` 셀 확인 | Q202: `ON` tag(연초록) 표출 | R202: PASS | S202: 권혁호 | T202: 46296
A203: =ROW()-1 -> 202 | B203: VIOLA_K8S | C203: TC_VIO_221 | F203: VIOE-04_06_01 | G203: P3 | H203: 표시 | I203: 모니터링 | J203: 외부 알람 목록 | K203: 목록 | L203: - | M203: - | N203: 비활성 상태인 알람이 존재하는 상태 | P203: 1. 해당 행의 `활성화` 셀 확인 | Q203: `OFF` tag(회색) 표출 | R203: PASS | S203: 권혁호 | T203: 46296
A204: =ROW()-1 -> 203 | B204: VIOLA_K8S | C204: TC_VIO_222 | F204: VIOE-04_06_01 | G204: P3 | H204: 엣지 | I204: 모니터링 | J204: 외부 알람 목록 | K204: 목록 | L204: - | M204: - | N204: 외부 알람이 1건 이상 등록된 목록 화면 진입 상태 | P204: 1. 목록 행의 `활성화` 태그 클릭 | Q204: 목록에서의 직접 토글 불가 확인 | R204: PASS | S204: 권혁호 | T204: 46296
A205: =ROW()-1 -> 204 | B205: VIOLA_K8S | C205: TC_VIO_223 | F205: VIOE-04_06_01 | G205: P3 | H205: 표시 | I205: 모니터링 | J205: 외부 알람 목록 | K205: 목록 | L205: - | M205: - | N205: 외부 알람 목록 화면 진입 상태 | P205: 1. 테이블 헤더 `최근 발송일시` 컬럼 확인 | Q205: `최근 발송일시` 컬럼이 `활성화` 우측에 표출 | R205: PASS | S205: 권혁호 | T205: 46296
A206: =ROW()-1 -> 205 | B206: VIOLA_K8S | C206: TC_VIO_224 | F206: VIOE-04_06_01 | G206: P3 | H206: 표시 | I206: 모니터링 | J206: 외부 알람 목록 | K206: 목록 | L206: - | M206: - | N206: 발송 이력이 있는 알람이 존재하는 상태 | P206: 1. 해당 행의 `최근 발송일시` 셀 표기 확인 | Q206: 마지막 발송일시가 `YYYY-MM-DD` 와 `hh:mm:ss` 표출 | R206: PASS | S206: 권혁호 | T206: 46296
A207: =ROW()-1 -> 206 | B207: VIOLA_K8S | C207: TC_VIO_225 | F207: VIOE-04_06_01 | G207: P3 | H207: 엣지 | I207: 모니터링 | J207: 외부 알람 목록 | K207: 목록 | L207: - | M207: - | N207: 발송 이력이 없는 알람이 존재하는 상태 | P207: 1. 해당 행의 `최근 발송일시` 셀 표기 확인 | Q207: No-data 마커 `-` 표출 | R207: PASS | S207: 권혁호 | T207: 46296
A208: =ROW()-1 -> 207 | B208: VIOLA_K8S | C208: TC_VIO_226 | F208: VIOE-04_06_01 | G208: P3 | H208: 표시 | I208: 모니터링 | J208: 외부 알람 목록 | K208: 목록 | L208: - | M208: - | N208: 외부 알람 목록 화면 진입 상태 | P208: 1. 테이블 헤더 `생성일시` 컬럼 확인 | Q208: `생성일시` 컬럼이 `최근 발송일시` 우측에 표출 | R208: PASS | S208: 권혁호 | T208: 46296
A209: =ROW()-1 -> 208 | B209: VIOLA_K8S | C209: TC_VIO_227 | F209: VIOE-04_06_01 | G209: P3 | H209: 표시 | I209: 모니터링 | J209: 외부 알람 목록 | K209: 목록 | L209: - | M209: - | N209: 외부 알람이 1건 이상 등록된 목록 화면 진입 상태 | P209: 1. 목록 행의 `생성일시` 셀 표기 확인 | Q209: 생성일시가 `YYYY-MM-DD` 와 `hh:mm:ss` 표출 | R209: PASS | S209: 권혁호 | T209: 46296
A210: =ROW()-1 -> 209 | B210: VIOLA_K8S | C210: TC_VIO_228 | F210: VIOE-04_06_01 | G210: P3 | H210: 표시 | I210: 모니터링 | J210: 외부 알람 목록 | K210: 목록 | L210: - | M210: - | N210: 외부 알람 목록 화면 진입 상태 | P210: 1. 테이블 헤더 최우측 컬럼 확인 | Q210: `작업` 컬럼 표출 | R210: PASS | S210: 권혁호 | T210: 46296
... A220: =ROW()-1 -> 219 | B220: VIOLA_K8S | C220: TC_VIO_238 | F220: VIOE-04_06_01 | G220: P3 | H220: 표시 | I220: 모니터링 | J220: 외부 알람 목록 | K220: 목록 | L220: - | M220: - | N220: 외부 알람 목록 화면 진입 상태 | P220: 1. 검색 입력 영역 확인 | Q220: 필터 아이콘과 placeholder `항목 이름 또는 값을 입력해 주세요.` 표출 | R220: PASS | S220: 권혁호 | T220: 46296
A221: =ROW()-1 -> 220 | B221: VIOLA_K8S | C221: TC_VIO_239 | F221: VIOE-04_06_01 | G221: P3 | H221: 엣지 | I221: 모니터링 | J221: 외부 알람 목록 | K221: 목록 | L221: - | M221: - | N221: 외부 알람이 1건 이상 등록된 목록 화면 진입 상태 | P221: 1. 검색 입력에 검색어 입력 후 조회 | Q221: 검색어에 해당하는 알람 목록 표출 | R221: N/A | S221: 권혁호 | T221: 46296 | V221: VQ-597 이슈로 인해 테스트 불가
A222: =ROW()-1 -> 221 | B222: VIOLA_K8S | C222: TC_VIO_240 | F222: VIOE-04_06_01 | G222: P2 | H222: 비정상 | I222: 모니터링 | J222: 외부 알람 목록 | K222: 목록 | L222: - | M222: - | N222: 등록된 외부 알람과 일치하지 않는 검색어를 사용하는 상태 | P222: 1. 일치 항목이 없는 검색어 입력 후 조회 | Q222: 검색 결과 없음 상태 표출 확인 | R222: PASS | S222: 권혁호 | T222: 46296
A223: =ROW()-1 -> 222 | B223: VIOLA_K8S | C223: TC_VIO_241 | F223: VIOE-04_06_01 | G223: P3 | H223: 표시 | I223: 모니터링 | J223: 외부 알람 목록 | K223: 목록 | L223: - | M223: - | N223: 외부 알람 목록 화면 진입 상태 | P223: 1. 검색 행 우측 드롭다운 확인 | Q223: `기간 설정` 드롭다운 표출 | R223: PASS | S223: 권혁호 | T223: 46296
A224: =ROW()-1 -> 223 | B224: VIOLA_K8S | C224: TC_VIO_242 | F224: VIOE-04_06_01 | G224: P3 | H224: 엣지 | I224: 모니터링 | J224: 외부 알람 목록 | K224: 목록 | L224: - | M224: - | N224: 외부 알람 목록 화면 진입 상태 | P224: 1. `기간 설정` 드롭다운 클릭 | Q224: 기간 선택지 목록 표출 확인 | R224: PASS | S224: 권혁호 | T224: 46296
A225: =ROW()-1 -> 224 | B225: VIOLA_K8S | C225: TC_VIO_243 | F225: VIOE-04_06_01 | G225: P3 | H225: 표시 | I225: 모니터링 | J225: 외부 알람 목록 | K225: 목록 | L225: - | M225: - | N225: 외부 알람 목록 화면 진입 상태 | P225: 1. `기간 설정` 우측 기간 범위 입력 확인 | Q225: placeholder `Start date` · `End date` 날짜 입력 2개와 `→` 표출 | R225: PASS | S225: 권혁호 | T225: 46296
A226: =ROW()-1 -> 225 | B226: VIOLA_K8S | C226: TC_VIO_244 | F226: VIOE-04_06_01 | G226: P3 | H226: 엣지 | I226: 모니터링 | J226: 외부 알람 목록 | K226: 목록 | L226: - | M226: - | N226: 외부 알람이 1건 이상 등록된 목록 화면 진입 상태 | P226: 1. 기간 범위 입력 후 목록 결과 확인 | Q226: 입력한 기간으로 목록 필터링 확인 | R226: PASS | S226: 권혁호 | T226: 46296
A227: =ROW()-1 -> 226 | B227: VIOLA_K8S | C227: TC_VIO_245 | F227: VIOE-04_06_01 | G227: P2 | H227: 비정상 | I227: 모니터링 | J227: 외부 알람 목록 | K227: 목록 | L227: - | M227: - | N227: 기간 범위 입력이 표출된 상태 | P227: 1. `Start date` 를 `End date` 보다 이후 날짜로 입력 | Q227: 종료일 초기화 | R227: PASS | S227: 권혁호 | T227: 46296
A228: =ROW()-1 -> 227 | B228: VIOLA_K8S | C228: TC_VIO_246 | F228: VIOE-04_06_01 | G228: P3 | H228: 표시 | I228: 모니터링 | J228: 외부 알람 목록 | K228: 목록 | L228: - | M228: - | N228: 외부 알람 목록 화면 진입 상태 | P228: 1. 검색 행 최우측 버튼 확인 | Q228: `+` 아이콘과 라벨 `생성` 의 주 버튼 표출 | R228: PASS | S228: 권혁호 | T228: 46297
A229: =ROW()-1 -> 228 | B229: VIOLA_K8S | C229: TC_VIO_247 | F229: VIOE-04_06_01 | G229: P3 | H229: 엣지 | I229: 모니터링 | J229: 외부 알람 목록 | K229: 목록 | L229: - | M229: - | N229: 외부 알람 목록 화면 진입 상태 | P229: 1. `생성` 버튼의 제공 형태 확인 | Q229: Table 조회형 공통 정책에 따른 `생성` 버튼 제공 확인 | R229: PASS | S229: 권혁호 | T229: 46297
A230: =ROW()-1 -> 229 | B230: VIOLA_K8S | C230: TC_VIO_248 | F230: VIOE-04_06_01 | G230: P1 | H230: 인터랙션 | I230: 모니터링 | J230: 외부 알람 목록 | K230: 목록 | L230: - | M230: - | N230: 외부 알람 목록 화면 진입 상태 | P230: 1. `생성` 버튼 클릭 | Q230: 외부 알람 생성 화면(VIOE-04_06_02)으로 이동 | R230: PASS | S230: 권혁호 | T230: 46297
A231: =ROW()-1 -> 230 | B231: VIOLA_K8S | C231: TC_VIO_249 | F231: VIOE-04_06_01 | G231: P3 | H231: 표시 | I231: 모니터링 | J231: 외부 알람 목록 | K231: 목록 | L231: - | M231: - | N231: 외부 알람이 1건 이상 등록된 목록 화면 진입 상태 | P231: 1. 테이블 좌하단 건수 영역 확인 | Q231: `전체 수` 와 건수 표출 | R231: PASS | S231: 권혁호 | T231: 46297
A232: =ROW()-1 -> 231 | B232: VIOLA_K8S | C232: TC_VIO_250 | F232: VIOE-04_06_01 | G232: P3 | H232: 표시 | I232: 모니터링 | J232: 외부 알람 목록 | K232: 목록 | L232: - | M232: - | N232: 외부 알람이 1건 이상 등록된 목록 화면 진입 상태 | P232: 1. 테이블 우하단 페이지네이션 확인 | Q232: `≪` · `<` · 현재 페이지 · 전체 페이지 수 · `>` · `≫` 표출 | R232: PASS | S232: 권혁호 | T232: 46297
A233: =ROW()-1 -> 232 | B233: VIOLA_K8S | C233: TC_VIO_251 | F233: VIOE-04_06_01 | G233: P3 | H233: 엣지 | I233: 모니터링 | J233: 외부 알람 목록 | K233: 목록 | L233: - | M233: - | N233: 목록이 2페이지 이상인 상태 | P233: 1. 페이지네이션의 `>` 버튼 클릭 | Q233: 다음 페이지 목록 표출 확인 | R233: PASS | S233: 권혁호 | T233: 46297
... A237: =ROW()-1 -> 236 | B237: VIOLA_K8S | C237: TC_VIO_255 | F237: VIOE-04_06_01 | G237: P3 | H237: 엣지 | I237: 모니터링 | J237: 외부 알람 목록 | K237: 목록 | L237: - | M237: - | N237: 등록된 외부 알람이 0건인 상태 | P237: 1. 목록 화면 진입 후 테이블 영역 확인 | Q237: 0건 상태 표출 확인 | R237: PASS | S237: 권혁호 | T237: 46297
A238: =ROW()-1 -> 237 | B238: VIOLA_K8S | C238: TC_VIO_256 | F238: VIOE-04_06_02 | G238: P3 | H238: 표시 | I238: 모니터링 | J238: 외부 알람 생성 | K238: 생성 | L238: - | M238: - | N238: 외부 알람 생성 화면 진입 상태 | P238: 1. 화면 상단 좌측 Breadcrumb 확인 | Q238: `모니터링 / 외부 알람 설정 / 알람 생성` 3단 Breadcrumb 표출 ㄴ 최하위 `알람 생성` 볼드 표기 | R238: PASS | S238: 이영한 | T238: 46297 | U238: VQ-588 | V238: [K8s] 외부 알람 설정 > 알람 생성/수정/상세 페이지 진입 시 브레드 크럼의 2Depth가 미표출됨
...

Sheet 권한_체크리스트(K8s)
B4: VIOLA | O4: 범례 | P4: O | Q4: 기능 제공
P5: ▵ | Q5: 일부 기능 제한
B6: ROLE | F6: 관리자 | I6: 실제 결과 | J6: 수행자 | K6: 수행일자 | L6: Jira | M6: 비고 | P6: 미제공 | Q6: 메뉴 제공X
B7: 자원 | F7: VIOLA(솔루션) | G7: 클러스터 | H7: 네임스페이스
B8: 모니터링 현황 팝업 | E8: 이벤트 탭 | F8: O | G8: O | H8: O
E9: 네트워크 탭 | F9: O | G9: O | H9: ▵ (노드별 네트워크 미제공)
E10: 로그 통계 탭 | F10: O | G10: O | H10: ▵ (운영/보안/노드 로그 미제공)
E11: 알람 이력 탭 | F11: O | G11: O | H11: O
B12: 대시보드 | E12: 멀티 클러스터 대시보드 조회 | F12: ▵ (테넌트 네비게이터 > '멀티 클러스터' 선택 시만) | G12: ▵ (테넌트 네비게이터 > '멀티 클러스터' 선택 시만) | H12: 미제공
E13: 단일 클러스터 대시보드 조회 | F13: O | G13: O | H13: ▵ (네임스페이스 전체 현황 미제공)
B14: 클러스터 관리 | C14: 클러스터설정 | E14: 클러스터 조회 | F14: O | G14: O | H14: ▵ ([진행 현황]탭 미제공)
E15: 클러스터 수정 - 작업 : 노드 스케일링, GPU설정, 업그레이드, 노드 삭제 - 수정 (연결 정보 수정) | F15: O | G15: O | H15: X
E16: 클러스터 연결/생성/삭제/해제 | F16: O | G16: X | H16: X
C17: 노드 관리 | E17: 노드 조회 | F17: O | G17: O | H17: 미제공
E18: 노드 수정 : YAML 수정, 레이블 설정, 무중단 노드스케일링, 사양 변경 | F18: O | G18: O | H18: 미제공
C19: 네임스페이스 관리 | E19: 네임스페이스 조회 | F19: O | G19: O | H19: ▵ ('클러스터 롤 바인딩' 정보 미제공)
E20: 네임스페이스 생성/삭제 | F20: O | G20: O | H20: X
E21: 네임스페이스 수정 : YAML 수정, istio injection 설정 | F21: O | G21: O | H21: O
C22: 백업 통합 관리 | D22: 백업/백업 스케줄 | E22: 조회 | F22: O | G22: 미제공 | H22: 미제공
E23: 생성/삭제 | F23: O | G23: 미제공 | H23: 미제공
D24: 복원 | E24: 복원 조회 | F24: O | G24: 미제공 | H24: 미제공
E25: 복원 생성 | F25: O | G25: 미제공 | H25: 미제공
D26: 삭제 이력 | E26: 조회 | F26: O | G26: 미제공 | H26: 미제공
C27: 리소스 쿼터 설정 | E27: 리소스 쿼터 조회 | F27: O | G27: O | H27: O
E28: 리소스 쿼터 생성/수정/삭제 | F28: O | G28: O | H28: X
C29: 임계치 설정 | E29: 임계치 설정 조회 | F29: O | G29: O | H29: △ (GPU 임계치 불가)
E30: 임계치 설정 생성/수정/삭제 | F30: O | G30: O | H30: △ (GPU 임계치 불가)
C31: 이미지 저장소 | D31: 이미지 저장소 | E31: 이미지 저장소 조회 | F31: O | G31: O | H31: O
E32: 이미지 저장소 등록 | F32: O | G32: O | H32: X
E33: 이미지 저장소 등록 해제 | F33: O | G33: ▵ (본인 등록만) | H33: X
D34: 프로젝트 | E34: 프로젝트 조회 | F34: O | G34: O | H34: O
E35: 프로젝트 생성/수정/삭제 | F35: O | G35: O (기본 이미지저장소 포함) | H35: X
D36: 이미지 | E36: 이미지 조회 | F36: O | G36: O | H36: O
D37: 아티팩트 | E37: 아티팩트 조회 | F37: O | G37: O | H37: O
E38: 이미지 태그 설정/삭제 | F38: O | G38: O | H38: O
E39: 이미지 취약점 검사 | F39: O | G39: O | H39: O
B40: 보안 및 권한 관리 | C40: 서비스 어카운트 | E40: 서비스 어카운트 조회 | F40: O | G40: O | H40: O
E41: 서비스 어카운트 생성/수정/삭제 - kubeconfig 발급 포함 | F41: O | G41: O | H41: O
C42: 롤 | E42: 롤 조회 | F42: O | G42: O | H42: O
E43: 롤 생성/수정/삭제 | F43: O | G43: O | H43: O
C44: 클러스터롤 | E44: 클러스터롤 조회 | F44: O | G44: O | H44: 미제공
E45: 클러스터롤 생성/수정/삭제 | F45: O | G45: O | H45: 미제공
B46: 워크플로우 | C46: 워크로드 | E46: 워크로드 조회 | F46: O | G46: O | H46: O
E47: 워크로드 생성/수정/삭제 | F47: O | G47: O | H47: O
C48: 네트워크 | D48: 서비스/인그레스/네트워크 폴리시/서비스메시 | E48: 조회 | F48: O | G48: O | H48: O
E49: 생성/수정/삭제 | F49: O | G49: O | H49: O
D50: 게이트웨이 API | E50: HTTP라우트/게이트웨이 조회 | F50: O | G50: O | H50: O
E51: HTTP라우트/게이트웨이 생성/수정/삭제 | F51: O | G51: O | H51: O
E52: 게이트웨이클래스 조회 | F52: O | G52: O | H52: O
E53: 게이트웨이클래스 생성/수정/삭제 | F53: O | G53: O | H53: X
C54: 스토리지 | D54: PV/스토리지클래스 | E54: 조회 | F54: O | G54: O | H54: O
E55: 생성/수정/삭제 | F55: O | G55: O | H55: X
D56: PVC | E56: PVC 조회 | F56: O | G56: O | H56: O
E57: PVC 생성/수정/삭제 | F57: O | G57: O | H57: O
B58: 카탈로그 관리 | C58: 카탈로그 허브 (탭) | E58: 서비스 카탈로그 조회 | F58: O | G58: O | H58: O
E59: HelmChart/YAML 생성/수정/삭제 | F59: O | G59: ▵ (본인 등록만) | H59: ▵ (본인 등록만)
E60: HelmChart/YAML 실행 | F60: O | G60: O | H60: O
E61: VIOLA 컴포넌트 설치 : GPU Operator, nfs-csi | F61: O | G61: O | H61: X
C62: 설치 목록 (탭) | E62: 배포 조회 | F62: O | G62: O | H62: O
E63: VIOLA 컴포넌트 롤백/수정/삭제 | F63: O | G63: O | H63: X
E64: HelmChart 롤백/수정/삭제 | F64: O | G64: O | H64: O
B65: 모니터링 | E65: 통합 모니터링 | F65: O | G65: O | H65: ▵ ([노드뷰] 미제공)
E66: 통합 로그 조회 | F66: O | G66: O | H66: ▵ (운영/보안/노드 로그 미제공)
E67: 이벤트 | F67: O | G67: O | H67: O
E68: 트래픽 모니터링 | F68: O | G68: O | H68: 미제공
E69: GPU 대시보드 | F69: O | G69: O | H69: O
E70: 외부 알람 설정 | F70: O | G70: O | H70: ▵ (조회만 가능)

Sheet 권한_체크리스트(CICD)
B2: VIOLA CI/CD
B4: ROLE | E4: 개발자 | G4: 리드 개발자 | H4: 관리자 | I4: 엔지니어 | J4: 실제 결과 | K4: 수행자 | L4: 수행일자 | M4: Jira | N4: 비고
B5: 자원 | E5: 네임스페이스 | F5: 클러스터 | G5: 클러스터 | H5: VIOLA CI/CD(솔루션)
B6: 대시보드 | D6: 대시보드 | E6: O | F6: O | G6: O | H6: O | I6: 미제공
B7: 파이프라인 설정 | C7: 빌드 관리 | D7: 빌드 조회 | E7: O | F7: O | G7: O * 다른 사용자의 빌드 자원 조회/실행 가능 | H7: O * 다른 사용자의 빌드 자원 조회/실행/수정/삭제 가능 | I7: 미제공
D8: 빌드 실행 | E8: O | F8: O | G8: O | H8: O | I8: 미제공
D9: 빌드 생성/수정/삭제 | E9: O | F9: O | G9: O | H9: O | I9: 미제공
C10: 테스트 관리 | D10: 테스트 조회 | E10: O | F10: O | G10: O * 다른 사용자의 테스트 자원 조회/실행 가능 | H10: O * 다른 사용자의 테스트 자원 조회/실행/수정/삭제 가능 | I10: 미제공
D11: 테스트 실행 | E11: O | F11: O | G11: O | H11: O | I11: 미제공
D12: 테스트 생성/수정/삭제 | E12: O | F12: O | G12: O | H12: O | I12: 미제공
C13: 배포 관리 | D13: 배포 조회 | E13: O | F13: O | G13: O * 다른 사용자의 배포 자원 조회/실행 가능 | H13: O * 다른 사용자의 배포 자원 조회/실행/수정/삭제 가능 | I13: 미제공
D14: 배포 실행/재실행/재배포 | E14: O | F14: O | G14: O | H14: O | I14: 미제공
D15: 배포 생성/수정/삭제 | E15: O | F15: O | G15: O | H15: O | I15: 미제공
C16: 파이프라인 관리 | D16: 파이프라인 조회 | E16: O | F16: O | G16: O * 다른 사용자의 파이프라인 조회/실행 가능 | H16: O * 다른 사용자의 파이프라인 조회/실행/중단/수정/삭제 가능 | I16: 미제공
D17: 파이프라인 실행/중단 | E17: O | F17: O | G17: O | H17: O | I17: 미제공
D18: 파이프라인 생성/수정/삭제 | E18: O | F18: O | G18: O | H18: O | I18: 미제공
C19: 템플릿 관리 | D19: 템플릿 조회 | E19: O | F19: O | G19: O * 공유 옵션이 off 인 경우 다른 사용자가 생성한 템플릿 조회 불가능 | H19: O * 공유 옵션이 off 여도 다른 사용자가 생성한 템플릿 조회 가능 | I19: 미제공
D20: 템플릿 생성/수정/삭제 | E20: O | F20: O | G20: O * 다른 사용자가 생성한 템플릿 수정/삭제 가능 | H20: O * 다른 사용자가 생성한 템플릿 수정/삭제 가능 | I20: 미제공
B21: 저장소 관리 | C21: 소스 코드 저장소 | D21: 소스 코드 저장소 조회 | E21: O | F21: O | G21: O | H21: O * 다른 사용자가 등록한 저장소 조회/수정/등록 해제 가능 | I21: 미제공
D22: 소스 코드 저장소 수정 | E22: O | F22: O | G22: O | H22: O | I22: 미제공
D23: 소스 코드 저장소 등록/해제 | E23: O | F23: O | G23: O | H23: O | I23: 미제공
C24: 이미지 저장소 | D24: 이미지 저장소 조회 | E24: O | F24: O | G24: O | H24: O | I24: 미제공
D25: 이미지 저장소 등록 | E25: X | F25: O | G25: O | H25: O | I25: 미제공
D26: 이미지 저장소 등록 해제 | E26: X | F26: ▵ * 본인이 등록한 저장소만 등록 해제 가능 | G26: O | H26: O | I26: 미제공
D27: 프로젝트 조회 | E27: O | F27: O | G27: O | H27: O | I27: 미제공
D28: 프로젝트 생성/수정/삭제 | E28: X | F28: O (기본 이미지 저장소 포함) | G28: O (기본 이미지 저장소 포함) | H28: O (기본 이미지 저장소 포함) | I28: 미제공
D29: 이미지 조회 | E29: O | F29: O | G29: O | H29: O | I29: 미제공
D30: 아티팩트 조회 | E30: O | F30: O | G30: O | H30: O | I30: 미제공
D31: 이미지 태그 설정/삭제 | E31: O | F31: O | G31: O | H31: O | I31: 미제공
D32: 이미지 취약점 검사 | E32: O | F32: O | G32: O | H32: O | I32: 미제공
B33: 애플리케이션 | C33: 토폴로지 | D33: 토폴로지 조회 | E33: O | F33: O | G33: O * 다른 사용자의 토폴로지 조회/수정/삭제 가능 | H33: O * 다른 사용자의 토폴로지 조회/수정/삭제 가능 | I33: 미제공
D34: 토폴로지 생성/수정/삭제 | E34: O | F34: O | G34: O | H34: O | I34: 미제공
C35: 성능 모니터링 | D35: 성능 모니터링 조회 | E35: O | F35: O | G35: O * 다른 사용자의 성능 모니터링 조회 가능 | H35: O * 다른 사용자의 성능 모니터링 조회 가능 | I35: 미제공
B36: 서비스 카탈로그 | C36: 카탈로그 허브 (탭) | D36: 서비스 카탈로그 조회 | E36: O | F36: O | G36: O | H36: O | I36: 미제공
D37: HelmChart/YAML 생성/수정/삭제 | E37: X | F37: ▵ * 본인이 생성한 경우에만 가능 | G37: O | H37: O | I37: 미제공
D38: HelmChart/YAML 실행 | E38: O | F38: O | G38: O | H38: O | I38: 미제공
D39: VIOLA 컴포넌트 설치 | E39: X | F39: O | G39: O | H39: O | I39: 미제공
C40: 설치 목록 (탭) | D40: 설치 목록 조회 | E40: O | F40: O | G40: O | H40: O | I40: 미제공
D41: VIOLA 컴포넌트 롤백/수정/삭제 | E41: X | F41: O | G41: O | H41: O | I41: 미제공
D42: HelmChart 롤백/수정/삭제 (VIOLA 컴포넌트 제외) | E42: O | F42: O | G42: O | H42: O | I42: 미제공
B43: 실행 이력 | D43: 계정의 빌드/테스트/배포/파이프라인 실행 이력 조회 | E43: O | F43: O | G43: O * 다른 사용자의 실행 이력 표출 | H43: O * 다른 사용자의 실행 이력 표출 | I43: 미제공
B44: 외부 알람 설정 | D44: 사용자가 접근 가능한 자원의 실행 액션에 대한 알람 발송 | E44: O | F44: O | G44: O * 다른 사용자가 생성한 알람 조회/수정/삭제 가능 | H44: O * 다른 사용자가 생성한 알람 조회/수정/삭제 가능 | I44: 미제공
B45: 메뉴 관리 | D45: LNB 메뉴 표출 여부, 표출 순서 설정 | E45: 미제공 | F45: 미제공 | G45: 미제공 | H45: 미제공 | I45: O

Sheet 수정
A1: No | B1: 솔루션 | C1: 기능테스트 ID | D1: 요구사항 ID | E1: 기능 ID | F1: 화면 ID | G1: 우선순위 | H1: 구분 | I1: 1 Depth | J1: 2 Depth | K1: 3 Depth | L1: 4 Depth | M1: 5 Depth | N1: 사전조건 | O1: 테스트 데이터 | P1: 절차 | Q1: 예상 결과 | R1: 실제 결과 | S1: 수행자 | T1: 수행일자 | U1: Jira | V1: 비고
A2: 1 | B2: VIOLA | C2: TC_VIO_001 | F2: VIOE-00_00_00 | G2: P3 | H2: 표시 | I2: 공통 정의 | J2: 레이아웃 정의 | K2: 상세 | L2: - | M2: - | N2: VIOLA 로그인 후 레이아웃이 적용된 화면 진입 | P2: 1. 화면 상단 GNB 영역 확인 | Q2: GNB 영역 구성 확인 ㄴ 기획 미정의 항목 — PASS/FAIL 판정 대신 실측 상태를 `실제 결과`에 기재 | V2: [DESC 머리] GNB 영역은 Boot Factory 참고 | W2: [정책 예외] 문서 기본=변경 / 이 화면=신규 [확인 불가] U-2 GNB 상세 정의가 타 제품(Boot Factory) 기획서로 위임 — 해당 기획서 확인 필요
A3: 2 | B3: VIOLA | C3: TC_VIO_002 | F3: VIOE-00_00_00 | G3: P3 | H3: 표시 | I3: 공통 정의 | J3: 레이아웃 정의 | K3: 상세 | L3: - | M3: - | N3: 레이아웃 적용 화면 진입 직후 상태 | P3: 1. LNB 영역의 메뉴 목록 확인 | Q3: 메뉴 `대시보드`·`기본 설정`·`워크플로우`·`서비스 카탈로그`·`모니터링` 5종 표출 | V3: [DESC 1항] [UI] p15 LNB 영역 메뉴 목록 | W3: [정책 예외] 문서 기본=변경 / 이 화면=신규
A4: 3 | B4: VIOLA | C4: TC_VIO_003 | F4: VIOE-00_00_00 | G4: P3 | H4: 표시 | I4: 공통 정의 | J4: 레이아웃 정의 | K4: 상세 | L4: - | M4: - | N4: 레이아웃 적용 화면 진입 직후 상태 | P4: 1. LNB 메뉴 목록을 Menu Structure 정의와 대조 | Q4: LNB 메뉴 구성 확인 ㄴ 기획 미정의 항목 — PASS/FAIL 판정 대신 실측 상태를 `실제 결과`에 기재 | V4: [DESC 1항-1] [공통 DESC C19] VIOLA LNB 메뉴 제공(Menu Structure 참고) | W4: [정책 예외] 문서 기본=변경 / 이 화면=신규 [확인 불가] U-12 메뉴 트리 원문이 Menu Structure(p9) 위임 — 이 화면 근거로 확정 불가, 기획 확인 필요
A5: 4 | B5: VIOLA | C5: TC_VIO_004 | F5: VIOE-00_00_00 | G5: P3 | H5: 표시 | I5: 공통 정의 | J5: 레이아웃 정의 | K5: 상세 | L5: - | M5: - | N5: 레이아웃 적용 화면 최초 진입 상태 | P5: 1. LNB 상위 메뉴의 펼침 상태 확인 | Q5: 전체 메뉴 닫힘 상태로 표출 | V5: [DESC 1항-2] `Default : 전체 닫힘` | W5: [정책 예외] 문서 기본=변경 / 이 화면=신규
A6: 5 | B6: VIOLA | C6: TC_VIO_005 | F6: VIOE-00_00_00 | G6: P3 | H6: 표시 | I6: 공통 정의 | J6: 레이아웃 정의 | K6: 상세 | L6: - | M6: - | N6: 레이아웃 적용 화면 최초 진입 상태 | P6: 1. LNB 메뉴의 선택 상태 확인 | Q6: `대시보드` 메뉴 선택 상태로 표출 | V6: [DESC 1항-2-a] 대시보드 메뉴 선택된 상태 | W6: [정책 예외] 문서 기본=변경 / 이 화면=신규
A7: 6 | B7: VIOLA | C7: TC_VIO_006 | F7: VIOE-00_00_00 | G7: P3 | H7: 표시 | I7: 공통 정의 | J7: 레이아웃 정의 | K7: 상세 | L7: - | M7: - | N7: 레이아웃 적용 화면 최초 진입 상태 | P7: 1. 하위 메뉴 보유 메뉴의 chevron 표기 확인 | Q7: `기본 설정`·`워크플로우`·`서비스 카탈로그`·`모니터링` 우측에 chevron `˅` 표출 | V7: [UI] p15 LNB 메뉴 chevron 표기 4종 | W7: [정책 예외] 문서 기본=변경 / 이 화면=신규
A8: 7 | B8: VIOLA | C8: TC_VIO_007 | F8: VIOE-00_00_00 | G8: P4 | H8: 부수 | I8: 공통 정의 | J8: 레이아웃 정의 | K8: 상세 | L8: - | M8: - | N8: LNB 전체 메뉴 닫힘 상태 | P8: 1. 하위 메뉴가 없는 `대시보드` 메뉴 클릭 | Q8: chevron 미표기로 하위 메뉴 펼침 미발생 | V8: [UI] p15 대시보드 chevron 미표기 [DESC 1항-4] 하위 메뉴 없는 메뉴 | W8: [정책 예외] 문서 기본=변경 / 이 화면=신규
A9: 8 | B9: VIOLA | C9: TC_VIO_008 | F9: VIOE-00_00_00 | G9: P3 | H9: 인터랙션 | I9: 공통 정의 | J9: 레이아웃 정의 | K9: 상세 | L9: - | M9: - | N9: LNB 전체 메뉴 닫힘 상태 | P9: 1. 상위 메뉴 `기본 설정` 클릭 | Q9: `기본 설정` 하위 메뉴 펼침 | V9: [DESC 1항-3] 상위 메뉴 클릭 시, 하위 메뉴 펼침 | W9: [정책 예외] 문서 기본=변경 / 이 화면=신규
A10: 9 | B10: VIOLA | C10: TC_VIO_009 | F10: VIOE-00_00_00 | G10: P3 | H10: 엣지 | I10: 공통 정의 | J10: 레이아웃 정의 | K10: 상세 | L10: - | M10: - | N10: 상위 메뉴 `기본 설정` 하위 메뉴가 펼쳐진 상태 | P10: 1. 상위 메뉴 `기본 설정` 재클릭 | Q10: 재클릭 후 하위 메뉴 상태 확인 ㄴ 기획 미정의 항목 — PASS/FAIL 판정 대신 실측 상태를 `실제 결과`에 기재 | V10: [확인 불가 기반] [DESC 1항-3] 펼침만 규정, 접힘 미규정 | W10: [정책 예외] 문서 기본=변경 / 이 화면=신규 [확인 불가] U-11 상위 메뉴 재클릭 시 접힘 여부 미정의 — 기획 확인 필요
A11: 10 | B11: VIOLA | C11: TC_VIO_010 | F11: VIOE-00_00_00 | G11: P3 | H11: 엣지 | I11: 공통 정의 | J11: 레이아웃 정의 | K11: 상세 | L11: - | M11: - | N11: 상위 메뉴 `기본 설정` 하위 메뉴가 펼쳐진 상태 | P11: 1. 다른 상위 메뉴 `워크플로우` 클릭 | Q11: 두 상위 메뉴의 펼침 상태 확인 ㄴ 기획 미정의 항목 — PASS/FAIL 판정 대신 실측 상태를 `실제 결과`에 기재 | V11: [확인 불가 기반] [DESC 1항-3] 동시 펼침 허용 개수 미규정 | W11: [정책 예외] 문서 기본=변경 / 이 화면=신규 [확인 불가] U-11 동시 펼침 허용 개수 미정의 — 기획 확인 필요
A12: 11 | B12: VIOLA | C12: TC_VIO_011 | F12: VIOE-00_00_00 | G12: P3 | H12: 엣지 | I12: 공통 정의 | J12: 레이아웃 정의 | K12: 상세 | L12: - | M12: - | N12: 복수 상위 메뉴의 하위 메뉴가 펼쳐진 상태 | P12: 1. 하위 메뉴가 없는 메뉴 진입 | Q12: 진입한 메뉴 외 전체 메뉴 닫힘 | V12: [DESC 1항-4-a] 진입한 메뉴 외 전체 메뉴 닫힘 | W12: [정책 예외] 문서 기본=변경 / 이 화면=신규 [확인 불가] 대상 리프 메뉴는 Menu Structure(p9) 확인 필요
A13: 12 | B13: VIOLA | C13: TC_VIO_012 | F13: VIOE-00_00_00 | G13: P3 | H13: 엣지 | I13: 공통 정의 | J13: 레이아웃 정의 | K13: 상세 | L13: - | M13: - | N13: 상위 메뉴 하위의 하위 메뉴 없는 메뉴에 진입한 상태 | P13: 1. 진입한 메뉴의 상위 메뉴 펼침 상태 확인 | Q13: 진입한 메뉴의 상위 메뉴만 펼침 상태 유지 | V13: [DESC 1항-4-a-1] 진입한 메뉴의 상위 메뉴만 펼침 상태 유지 | W13: [정책 예외] 문서 기본=변경 / 이 화면=신규 [확인 불가] 대상 리프 메뉴는 Menu Structure(p9) 확인 필요
... A1001: 1000 | B1001: VIOLA | C1001: TC_VIO_1000 | F1001: VIOE-03_01_04_14 | G1001: P2 | H1001: 비정상 | I1001: 워크플로우 | J1001: HPA 스케줄 생성 | K1001: 생성 | L1001: - | M1001: - | N1001: 스케줄 첫 행의 `예약일시` 가 설정된 상태에서 이전 스케줄 행이 없고 `종료일시` Picker 를 연 상태 | P1001: 1. Picker 에서 `예약일시` 이전 일시로 설정 시도 | Q1001: 오류 메시지 `예약 시간 이후로 설정해 주세요.` 표출 | V1001: [DESC 2항-2-d3] 예약일시 이전으로 선택 시 오류 메시지 제공 | W1001: [정책 예외] 문서 기본=변경 / 이 화면=신규 [오타 의심] T-3 규정 본문은 `예약일자`, 오류 문구는 `예약 시간` 으로 어휘가 갈림 — 표기 통일 확인 필요

Sheet 기획 문의
B2: 질문 영역 | G2: 답변 내용
B3: 질문 팀/파트 | C3: 화면ID | D3: 구분 (기능명) | E3: 문의 내용 | F3: 문의자 | G3: 답변 내용 | H3: 답변자 | I3: 비고
B4: 품질팀 | C4: VIO-02_01_01-04 | D4: 클러스터 생성(1/3) | E4: 쿠버네티스 엔진 버전이 "솔루션 버전별 상이" 기재되어 있음 -> 4.0 에 클러스터 지원버전 변경점이 있는지 문의 | F4: 김미지
C5: VIO-02_01_01-14 | D5: 클러스터 생성(2/3) - 기존 노드 사용 | E5: 기존 노드 사용 옵션은 컨트롤 플레인, 워커 노드의 IP 구성 시 기존에 생성했던 노드의 IP 를 작성하는건지? | F5: 김미지
B6: 품질팀 | C6: VIO-02_01_01-11 | D6: 엔진 업그레이드 팝업(1/2) | E6: 현재 버전이 미지원 버전으로 설정되었을 경우"엔진 업그레이드 팝업 > 생성된 클러스터만 제공하는 기능으로 1.31,1.32,1.33 으로 생성 가능함 현재 버전이 미지원 버전을 가진 클러스터를 어떻게 만들 수 있는지? | F6: 김미지
B7: 품질팀 | C7: VIO-04_06_02 | D7: 모니터링 > 외부 알람 설정 | E7: 클러스터 이상 감지버튼은 구분이 표출되지 않는지 - 구분에 메트릭, 이벤트, 로그 구분 TAG 로만 표출이라고 기획서에 정의되어 있음 | F7: 김미지
